accreditations,id,alternate_name,date_incorporated,description,email,funding_sources,legal_status,licenses,name,tax_id,tax_status,website
,166954,,,,,,,,First Mount Calvary Baptist Church,,None or unknown,
,166955,,,,,,,,AFL-CIO Community Services of Central Maryland,,None or unknown,
,166957,,,,,,,,AIDS Interfaith Residential Services ,,None or unknown,
,166957,,,,,,,,AIDS Interfaith Residential Services ,,None or unknown,
,166957,,,,,,,,AIDS Interfaith Residential Services ,,None or unknown,
,166961,,,,,,,,Action in Maturity ,,None or unknown,
,166962,,,,,,,,Baltimore Community Resource Center,,None or unknown,
,166962,,,,,,,,Baltimore Community Resource Center,,None or unknown,
,166968,,,,,,,,Advocates for Children and Youth,,None or unknown,
,166968,,,,,,,,Advocates for Children and Youth,,None or unknown,
,166972,,,,,,,,New All Saints Catholic Church,,None or unknown,
,166983,,,,,,,,"Alliance, Inc.",,None or unknown,
,166983,,,,,,,,"Alliance, Inc.",,None or unknown,
,166985,,,,,,,,Alternative Directions,,None or unknown,
,166989,,,,,,,,American Cancer Society,,None or unknown,
,166990,,,,,,,,American Civil Liberties Union of Maryland,,None or unknown,
,166991,,,,,,,,American Diabetes Association,,None or unknown,
,166991,,,,,,,,American Diabetes Association,,None or unknown,
,166992,,,,,,,,"American Heart Association, Maryland Office",,None or unknown,
,166995,,,,,,,,"American Red Cross, Chesapeake Region",,None or unknown,
,166995,,,,,,,,"American Red Cross, Chesapeake Region",,None or unknown,
,166995,,,,,,,,"American Red Cross, Chesapeake Region",,None or unknown,
,166995,,,,,,,,"American Red Cross, Chesapeake Region",,None or unknown,
,166995,,,,,,,,"American Red Cross, Chesapeake Region",,None or unknown,
,167003,,,,,,,,American Rescue Workers of Maryland,,None or unknown,
,167032,,,,,,,,Associated Black Charities,,None or unknown,
,167034,,,,,,,,"ASSOCIATED: Jewish Community Federation of Baltimore, The",,None or unknown,
,167034,,,,,,,,"ASSOCIATED: Jewish Community Federation of Baltimore, The",,None or unknown,
,167034,,,,,,,,"ASSOCIATED: Jewish Community Federation of Baltimore, The",,None or unknown,
,167036,,,,,,,,"Arc Baltimore, The",,None or unknown,
,167038,,,,,,,,Bar Association of Baltimore City,,None or unknown,
,167039,,,,,,,,Baltimore City Community College,,None or unknown,
,167039,,,,,,,,Baltimore City Community College,,None or unknown,
,167039,,,,,,,,Baltimore City Community College,,None or unknown,
,167039,,,,,,,,Baltimore City Community College,,None or unknown,
,167040,,,,,,,,Baltimore City Office of Civil Rights,,None or unknown,
,167042,,,,,,,,Baltimore Housing Authority,,None or unknown,
,167042,,,,,,,,Baltimore Housing Authority,,None or unknown,
,167042,,,,,,,,Baltimore Housing Authority,,None or unknown,
,167042,,,,,,,,Baltimore Housing Authority,,None or unknown,
,167042,,,,,,,,Baltimore Housing Authority,,None or unknown,
,167042,,,,,,,,Baltimore Housing Authority,,None or unknown,
,167043,,,,,,,,Baltimore City Department of Legislative Reference,,None or unknown,
,167044,,,,,,,,Baltimore City Department of Recreation and Parks,,None or unknown,
,167044,,,,,,,,Baltimore City Department of Recreation and Parks,,None or unknown,
,167045,,,,,,,,Baltimore City Department of Social Services,,None or unknown,
,167045,,,,,,,,Baltimore City Department of Social Services,,None or unknown,
,167045,,,,,,,,Baltimore City Department of Social Services,,None or unknown,
,167045,,,,,,,,Baltimore City Department of Social Services,,None or unknown,
,167045,,,,,,,,Baltimore City Department of Social Services,,None or unknown,
,167045,,,,,,,,Baltimore City Department of Social Services,,None or unknown,
,167045,,,,,,,,Baltimore City Department of Social Services,,None or unknown,
,167045,,,,,,,,Baltimore City Department of Social Services,,None or unknown,
,167045,,,,,,,,Baltimore City Department of Social Services,,None or unknown,
,167045,,,,,,,,Baltimore City Department of Social Services,,None or unknown,
,167045,,,,,,,,Baltimore City Department of Social Services,,None or unknown,
,167045,,,,,,,,Baltimore City Department of Social Services,,None or unknown,
,167045,,,,,,,,Baltimore City Department of Social Services,,None or unknown,
,167045,,,,,,,,Baltimore City Department of Social Services,,None or unknown,
,167045,,,,,,,,Baltimore City Department of Social Services,,None or unknown,
,167047,,,,,,,,Baltimore City Medical Society,,None or unknown,
,167048,,,,,,,,Baltimore City Police Department,,None or unknown,
,167048,,,,,,,,Baltimore City Police Department,,None or unknown,
,167048,,,,,,,,Baltimore City Police Department,,None or unknown,
,167048,,,,,,,,Baltimore City Police Department,,None or unknown,
,167048,,,,,,,,Baltimore City Police Department,,None or unknown,
,167048,,,,,,,,Baltimore City Police Department,,None or unknown,
,167048,,,,,,,,Baltimore City Police Department,,None or unknown,
,167048,,,,,,,,Baltimore City Police Department,,None or unknown,
,167048,,,,,,,,Baltimore City Police Department,,None or unknown,
,167048,,,,,,,,Baltimore City Police Department,,None or unknown,
,167048,,,,,,,,Baltimore City Police Department,,None or unknown,
,167049,,,,,,,,Baltimore City Public School System,,None or unknown,
,167049,,,,,,,,Baltimore City Public School System,,None or unknown,
,167049,,,,,,,,Baltimore City Public School System,,None or unknown,
,167049,,,,,,,,Baltimore City Public School System,,None or unknown,
,167049,,,,,,,,Baltimore City Public School System,,None or unknown,
,167049,,,,,,,,Baltimore City Public School System,,None or unknown,
,167049,,,,,,,,Baltimore City Public School System,,None or unknown,
,167050,,,,,,,,Baltimore City State's Attorney's Office,,None or unknown,
,167050,,,,,,,,Baltimore City State's Attorney's Office,,None or unknown,
,167052,,,,,,,,Baltimore County Information,,None or unknown,
,167054,,,,,,,,Baltimore County Department of Recreation and Parks,,None or unknown,
,167054,,,,,,,,Baltimore County Department of Recreation and Parks,,None or unknown,
,167054,,,,,,,,Baltimore County Department of Recreation and Parks,,None or unknown,
,167054,,,,,,None or unknown,,Baltimore County Department of Recreation and Parks,,None or unknown,
,167055,,,,,,,,Baltimore County Department of Social Services,,None or unknown,
,167055,,,,,,,,Baltimore County Department of Social Services,,None or unknown,
,167055,,,,,,,,Baltimore County Department of Social Services,,None or unknown,
,167055,,,,,,,,Baltimore County Department of Social Services,,None or unknown,
,167055,,,,,,,,Baltimore County Department of Social Services,,None or unknown,
,167055,,,,,,,,Baltimore County Department of Social Services,,None or unknown,
,167055,,,,,,,,Baltimore County Department of Social Services,,None or unknown,
,167055,,,,,,,,Baltimore County Department of Social Services,,None or unknown,
,167055,,,,,,,,Baltimore County Department of Social Services,,None or unknown,
,167055,,,,,,,,Baltimore County Department of Social Services,,None or unknown,
,167055,,,,,,,,Baltimore County Department of Social Services,,None or unknown,
,167055,,,,,,,,Baltimore County Department of Social Services,,None or unknown,
,167055,,,,,,,,Baltimore County Department of Social Services,,None or unknown,
,167055,,,,,,,,Baltimore County Department of Social Services,,None or unknown,
,167055,,,,,,,,Baltimore County Department of Social Services,,None or unknown,
,167055,,,,,,,,Baltimore County Department of Social Services,,None or unknown,
,167055,,,,,,,,Baltimore County Department of Social Services,,None or unknown,
,167055,,,,,,,,Baltimore County Department of Social Services,,None or unknown,
,167056,,,,,,,,Baltimore County Health Department,,None or unknown,
,167056,,,,,,,,Baltimore County Health Department,,None or unknown,
,167056,,,,,,,,Baltimore County Health Department,,None or unknown,
,167056,,,,,,,,Baltimore County Health Department,,None or unknown,
,167056,,,,,,,,Baltimore County Health Department,,None or unknown,
,167056,,,,,,,,Baltimore County Health Department,,None or unknown,
,167056,,,,,,,,Baltimore County Health Department,,None or unknown,
,167056,,,,,,,,Baltimore County Health Department,,None or unknown,
,167056,,,,,,,,Baltimore County Health Department,,None or unknown,
,167057,,,,,,,,Baltimore County Human Relations Commission,,None or unknown,
,167062,,,,,,,,Baltimore Crisis Response,,None or unknown,
,167063,,,,,,,,Baltimore Gas and Electric Company ,,None or unknown,
,167063,,,,,,,,Baltimore Gas and Electric Company ,,None or unknown,
,167064,,,,,,,,Baltimore Medical System,,None or unknown,
,167064,,,,,,,,Baltimore Medical System,,None or unknown,
,167064,,,,,,,,Baltimore Medical System,,None or unknown,
,167064,,,,,,,,Baltimore Medical System,,None or unknown,
,167066,,,,,,,,Baltimore Pregnancy Center,,None or unknown,
,167068,,,,,,,,Narcotics Anonymous Service Center,,None or unknown,
,167069,,,,,,,,"Baltimore Rescue Mission, The",,None or unknown,
,167069,,,,,,,,"Baltimore Rescue Mission, The",,None or unknown,
,167070,,,,,,,,Greater Baltimore Urban League,,None or unknown,
,167071,,,,,,,,Board of Child Care,,None or unknown,
,167072,,,,,,,,Banner Neighborhoods Community Corporation,,None or unknown,
,167075,,,,,,,,Bea Gaddy Family Center,,None or unknown,
,167075,,,,,,,,Bea Gaddy Family Center,,None or unknown,
,167075,,,,,,,,Bea Gaddy Family Center,,None or unknown,
,167075,,,,,,,,Bea Gaddy Family Center,,None or unknown,
,167075,,,,,,,,Bea Gaddy Family Center,,None or unknown,
,167079,,,,,,,,Bethel African Methodist Episcopal Church,,None or unknown,
,167081,,,,,,,,Better Business Bureau of Greater Maryland,,None or unknown,
,167084,,,,,,,,Big Brothers Big Sisters of the Greater Chesapeake,,None or unknown,
,167091,,,,,,,,Black Mental Health Alliance for Education/Consultation,,None or unknown,
,167092,,,,,,,,Blind Industries and Services of Maryland,,None or unknown,
,167094,,,,,,,,Bon Secours Baltimore Health System,,None or unknown,
,167094,,,,,,,,Bon Secours Baltimore Health System,,None or unknown,
,167094,,,,,,,,Bon Secours Baltimore Health System,,None or unknown,
,167094,,,,,,,,Bon Secours Baltimore Health System,,None or unknown,
,167094,,,,,,,,Bon Secours Baltimore Health System,,None or unknown,
,167094,,,,,,,,Bon Secours Baltimore Health System,,None or unknown,
,167094,,,,,,,,Bon Secours Baltimore Health System,,None or unknown,
,167094,,,,,,,,Bon Secours Baltimore Health System,,None or unknown,
,167094,,,,,,,,Bon Secours Baltimore Health System,,None or unknown,
,167094,,,,,,,,Bon Secours Baltimore Health System,,None or unknown,
,167097,,,,,,,,"Boy Scouts of America, Baltimore Area Council",,None or unknown,
,167102,,,,,,,,New Metropolitan Church,,None or unknown,
,167102,,,,,,,,New Metropolitan Church,,None or unknown,
,167102,,,,,,,,New Metropolitan Church,,None or unknown,
,167123,,,,,,,,Canton Baptist Church,,None or unknown,
,167146,,,,,,,,Carter Memorial Church of God in Christ,,None or unknown,
,167148,,,,,,,,Catholic Charities of the Archdiocese of Baltimore,,None or unknown,
,167148,,,,,,,,Catholic Charities of the Archdiocese of Baltimore,,None or unknown,
,167148,,,,,,,,Catholic Charities of the Archdiocese of Baltimore,,None or unknown,
,167148,,,,,,,,Catholic Charities of the Archdiocese of Baltimore,,None or unknown,
,167148,,,,,,,,Catholic Charities of the Archdiocese of Baltimore,,None or unknown,
,167148,,,,,,,,Catholic Charities of the Archdiocese of Baltimore,,None or unknown,
,167148,,,,,,,,Catholic Charities of the Archdiocese of Baltimore,,None or unknown,
,167148,,,,,,,,Catholic Charities of the Archdiocese of Baltimore,,None or unknown,
,167148,,,,,,,,Catholic Charities of the Archdiocese of Baltimore,,None or unknown,
,167148,,,,,,,,Catholic Charities of the Archdiocese of Baltimore,,None or unknown,
,167148,,,,,,,,Catholic Charities of the Archdiocese of Baltimore,,None or unknown,
,167148,,,,,,,,Catholic Charities of the Archdiocese of Baltimore,,None or unknown,
,167148,,,,,,,,Catholic Charities of the Archdiocese of Baltimore,,None or unknown,
,167148,,,,,,,,Catholic Charities of the Archdiocese of Baltimore,,None or unknown,
,167148,,,,,,,,Catholic Charities of the Archdiocese of Baltimore,,None or unknown,
,167148,,,,,,,,Catholic Charities of the Archdiocese of Baltimore,,None or unknown,
,167148,,,,,,,,Catholic Charities of the Archdiocese of Baltimore,,None or unknown,
,167148,,,,,,,,Catholic Charities of the Archdiocese of Baltimore,,None or unknown,
,167148,,,,,,,,Catholic Charities of the Archdiocese of Baltimore,,None or unknown,
,167148,,,,,,,,Catholic Charities of the Archdiocese of Baltimore,,None or unknown,
,167148,,,,,,,,Catholic Charities of the Archdiocese of Baltimore,,None or unknown,
,167148,,,,,,,,Catholic Charities of the Archdiocese of Baltimore,,None or unknown,
,167148,,,,,,,,Catholic Charities of the Archdiocese of Baltimore,,None or unknown,
,167148,,,,,,,,Catholic Charities of the Archdiocese of Baltimore,,None or unknown,
,167148,,,,,,,,Catholic Charities of the Archdiocese of Baltimore,,None or unknown,
,167150,,,,,,,,VIVA House,,None or unknown,
,167163,,,,,,,,Neighborhood Housing Services of Baltimore,,None or unknown,
,167164,,,,,,,,Central Maryland Ecumenical Council,,None or unknown,
,167181,,,,,,,,Children's Guild,,None or unknown,
,167183,,,,,,,,"Chimes, Maryland",,None or unknown,
,167183,,,,,,,,"Chimes, Maryland",,None or unknown,
,167185,,,,,,,,Christ Church Harbor Apartments,,None or unknown,
,167187,,,,,,,,Christ UMC,,None or unknown,
,167193,,,,,,,,Church of the Guardian Angel,,None or unknown,
,167194,,,,,,,,Church of the Redeemed of the Lord,,None or unknown,
,167194,,,,,,,,Church of the Redeemed of the Lord,,None or unknown,
,167194,,,,,,,,Church of the Redeemed of the Lord,,None or unknown,
,167197,,,,,,,,Citizens Planning and Housing Association,,None or unknown,
,167198,,,,,,,,"City Temple Outreach of Baltimore, The",,None or unknown,
,167210,,,,,,,,Baltimore City Commission on Aging & Retirement Education,,None or unknown,
,167210,,,,,,,,Baltimore City Commission on Aging & Retirement Education,,None or unknown,
,167210,,,,,,,,Baltimore City Commission on Aging & Retirement Education,,None or unknown,
,167210,,,,,,,,Baltimore City Commission on Aging & Retirement Education,,None or unknown,
,167210,,,,,,,,Baltimore City Commission on Aging & Retirement Education,,None or unknown,
,167210,,,,,,,,Baltimore City Commission on Aging & Retirement Education,,None or unknown,
,167212,,,,,,,,Community Assistance Network,,None or unknown,
,167212,,,,,,,,Community Assistance Network,,None or unknown,
,167212,,,,,,,,Community Assistance Network,,None or unknown,
,167212,,,,,,,,Community Assistance Network,,None or unknown,
,167217,,,,,,,,Community Law Center,,None or unknown,
,167223,,,,,,,,Concord Baptist Church,,None or unknown,
,167226,,,,,,,,Corporation For National and Community Service,,None or unknown,
,167226,,,,,,,,Corporation For National and Community Service,,None or unknown,
,167227,,,,,,,,Corpus Christi,,None or unknown,
,167227,,,,,,,,Corpus Christi,,None or unknown,
,167243,,,,,,,,Damascus House,,None or unknown,
,167244,,,,,,,,Maryland Department of Juvenile Services,,None or unknown,
,167244,,,,,,,,Maryland Department of Juvenile Services,,None or unknown,
,167244,,,,,,,,Maryland Department of Juvenile Services,,None or unknown,
,167244,,,,,,,,Maryland Department of Juvenile Services,,None or unknown,
,167244,,,,,,,,Maryland Department of Juvenile Services,,None or unknown,
,167245,,,,,,,,"Humanim, Inc.",,None or unknown,
,167245,,,,,,,,"Humanim, Inc.",,None or unknown,
,167245,,,,,,,,"Humanim, Inc.",,None or unknown,
,167247,,,,,,,,Disabled American Veterans,,None or unknown,
,167249,,,,,,,,"Door, Inc. The",,None or unknown,
,167260,,,,,,,,Dundalk Church of The Brethren Pantry,,None or unknown,
,167261,,,,,,,,"Community College of Baltimore County, The",,None or unknown,
,167262,,,,,,,,Dundalk Youth Service Center,,None or unknown,
,167265,,,,,,,,East Baltimore Community Corporation,,None or unknown,
,167265,,,,,,,,East Baltimore Community Corporation,,None or unknown,
,167271,,,,,,,,Echo House Multi-Service Center,,None or unknown,
,167276,,,,,,,,Enoch Pratt Free Library,,None or unknown,
,167276,,,,,,,,Enoch Pratt Free Library,,None or unknown,
,167276,,,,,,,,Enoch Pratt Free Library,,None or unknown,
,167277,,,,,,,,Enon Baptist Church,,None or unknown,
,167277,,,,,,,,Enon Baptist Church,,None or unknown,
,167281,,,,,,,,Maryland Episcopal Collaborative,,None or unknown,
,167281,,,,,,,,Maryland Episcopal Collaborative,,None or unknown,
,167287,,,,,,,,Family & Children's Services of Central Maryland,,None or unknown,
,167287,,,,,,,,Family & Children's Services of Central Maryland,,None or unknown,
,167287,,,,,,,,Family & Children's Services of Central Maryland,,None or unknown,
,167287,,,,,,,,Family & Children's Services of Central Maryland,,None or unknown,
,167287,,,,,,,,Family & Children's Services of Central Maryland,,None or unknown,
,167289,,,,,,,,Family Crisis Center of Baltimore County,,None or unknown,
,167297,,,,,,,,First Apostolic Faith Church Pantry,,None or unknown,
,167298,,,,,,,,First Baptist Church Soup Kitchen,,None or unknown,
,167304,,,,,,,,Forty West Assistance & Referral Center,,None or unknown,
,167307,,,,,,,,Foxwell Memorial Apartments,,None or unknown,
,167308,,,,,,,,Franciscan Sisters of Baltimore,,None or unknown,
,167308,,,,,,,,Franciscan Sisters of Baltimore,,None or unknown,
,167327,,,,,,,,"Fuel Fund of Maryland, Administrative Office",,None or unknown,
,167338,,,,,,,,"Gay, Lesbian, Bi-Sexual & Transgender Community",,None or unknown,
,167341,,,,,,,,Girl Scouts of Central Maryland,,None or unknown,
,167343,,,,,,,,Glenwood Life Counseling Center,,None or unknown,
,167344,,,,,,,,Good Shepherd Baptist Church,,None or unknown,
,167344,,,,,,,,Good Shepherd Baptist Church,,None or unknown,
,167344,,,,,,,,Good Shepherd Baptist Church,,None or unknown,
,167345,,,,,,,,Goodwill Industries of the Chesapeake,,None or unknown,
,167345,,,,,,,,Goodwill Industries of the Chesapeake,,None or unknown,
,167345,,,,,,,,Goodwill Industries of the Chesapeake,,None or unknown,
,167346,,,,,,,,Govans Ecumenical Development Corporation (GEDCO),,None or unknown,
,167346,,,,,,,,Govans Ecumenical Development Corporation (GEDCO),,None or unknown,
,167346,,,,,,,,Govans Ecumenical Development Corporation (GEDCO),,None or unknown,
,167346,,,,,,,,Govans Ecumenical Development Corporation (GEDCO),,None or unknown,
,167347,,,,,,,,Grace and Hope Mission,,None or unknown,
,167352,,,,,,,,Greater Baltimore Medical Center ,,None or unknown,
,167352,,,,,,,,Greater Baltimore Medical Center ,,None or unknown,
,167353,,,,,,,,Strong City Baltimore,,None or unknown,
,167360,,,,,,,,Hampden Family Center,,None or unknown,
,167361,,,,,,,,HWRMW Christian Fellowship,,None or unknown,
,167361,,,,,,,,HWRMW Christian Fellowship,,None or unknown,
,167361,,,,,,,,HWRMW Christian Fellowship,,None or unknown,
,167361,,,,,,,,HWRMW Christian Fellowship,,None or unknown,
,167364,,,,,,,,Harbel Community Organization,,None or unknown,
,167364,,,,,,,,Harbel Community Organization,,None or unknown,
,167365,,,,,,,,Harford Belair Community Mental Health Center,,None or unknown,
,167365,,,,,,,,Harford Belair Community Mental Health Center,,None or unknown,
,167382,,,,,,,,Health Care for the Homeless,,None or unknown,
,167382,,,,,,,,Health Care for the Homeless,,None or unknown,
FQHC,167382,,,"MOBILE HEALTH CLINIC: Provides basic health care, case management, and outreach services.",hchmobile@hchmd.org,,None or unknown,,Health Care for the Homeless,,None or unknown,www.hchmd.org
,167383,,,,,,,,Chase Brexton Health Services,,None or unknown,
,167384,,,,,,,,"Hearing & Speech Agency of Metropolitan Baltimore, The",,None or unknown,
,167390,,,,,,,,Helping Up Mission,,None or unknown,
,167391,,,,,,,,Holy Rosary Church Pantry,,None or unknown,
,167392,,,,,,,,Homeless Persons Representation Project,,None or unknown,
,167392,,,,,,,,Homeless Persons Representation Project,,None or unknown,
,167394,,,,,,,,Homestead UMC Service Center,,None or unknown,
,167394,,,,,,,,Homestead UMC Service Center,,None or unknown,
,167400,,,,,,,,"House of Ruth, Maryland",,None or unknown,
,167400,,,,,,,,"House of Ruth, Maryland",,None or unknown,
,167400,,,,,,,,"House of Ruth, Maryland",,None or unknown,
,167400,,,,,,,,"House of Ruth, Maryland",,None or unknown,
,167400,,,,,,,,"House of Ruth, Maryland",,None or unknown,
,167400,,,,,,,,"House of Ruth, Maryland",,None or unknown,
,167400,,,,,,,,"House of Ruth, Maryland",,None or unknown,
,167400,,,,,,,,"House of Ruth, Maryland",,None or unknown,
,167400,,,,,,,,"House of Ruth, Maryland",,None or unknown,
,167430,,,,,,,,Jewish Community Center of Greater Baltimore,,None or unknown,
,167433,,,,,,,,John Wesley Church,,None or unknown,
,167434,,,,,,,,Johns Hopkins Bayview Medical Center,,None or unknown,
,167434,,,,,,,,Johns Hopkins Bayview Medical Center,,None or unknown,
,167434,,,,,,,,Johns Hopkins Bayview Medical Center,,None or unknown,
,167434,,,,,,,,Johns Hopkins Bayview Medical Center,,None or unknown,
,167434,,,,,,,,Johns Hopkins Bayview Medical Center,,None or unknown,
,167434,,,,,,,,Johns Hopkins Bayview Medical Center,,None or unknown,
,167434,,,,,,,,Johns Hopkins Bayview Medical Center,,None or unknown,
,167434,,,,,,,,Johns Hopkins Bayview Medical Center,,None or unknown,
,167435,,,,,,,,Johns Hopkins Hospital,,None or unknown,
,167435,,,,,,,,Johns Hopkins Hospital,,None or unknown,
,167435,,,,,,,,Johns Hopkins Hospital,,None or unknown,
,167435,,,,,,,,Johns Hopkins Hospital,,None or unknown,
,167435,,,,,,,,Johns Hopkins Hospital,,None or unknown,
,167435,,,,,,,,Johns Hopkins Hospital,,None or unknown,
,167435,,,,,,,,Johns Hopkins Hospital,,None or unknown,
,167435,,,,,,,,Johns Hopkins Hospital,,None or unknown,
,167435,,,,,,,,Johns Hopkins Hospital,,None or unknown,
,167438,,,,,,,,Jubilee Baltimore,,None or unknown,
,167442,,,,,,,,Kennedy Krieger Institute,,None or unknown,
,167442,,,,,,,,Kennedy Krieger Institute,,None or unknown,
,167442,,,,,,,,Kennedy Krieger Institute,,None or unknown,
,167452,,,,,,,,Keswick Multicare Center,,None or unknown,
,167458,,,,,,,,Maryland Legal Aid Bureau,,None or unknown,
,167459,,,,,,,,"Johns Hopkins University, Homewood Campus",,None or unknown,
,167460,,,,,,,,Levindale Hebrew Geriatric Center & Hospital,,None or unknown,
,167461,,,,,,,,"Lexaco, Inc.",,None or unknown,
,167470,,,,,,,,Ark Church,,None or unknown,
,167471,,,,,,,,Loading Dock,,None or unknown,
,167473,,,,,,,,Loyola University Department of Speech/Language Pathology,,None or unknown,
,167473,,,,,,,,Loyola University Department of Speech/Language Pathology,,None or unknown,
,167474,,,,,,,,Lutheran Mission Society of Maryland,,None or unknown,
,167474,,,,,,,,Lutheran Mission Society of Maryland,,None or unknown,
,167478,,,,,,,,Manna House,,None or unknown,
,167480,,,,,,,,March of Dimes Maryland-Maryland Market,,None or unknown,
,167481,,,,,,,,Marian House,,None or unknown,
,167482,,,,,,,,Marine Corps Reserve Center,,None or unknown,
,167483,,,,,,,,Martin Pollak Project,,None or unknown,
,167485,,,,,,,,Maryland Nonprofits,,None or unknown,
,167485,,,,,,,,Maryland Nonprofits,,None or unknown,
,167485,,,,,,,,Maryland Nonprofits,,None or unknown,
,167487,,,,,,,,Dyslexia Tutoring Program,,None or unknown,
,167490,,,,,,,,Maryland Commission on Civil Rights,,None or unknown,
,167492,,,,,,,,Maryland Department of Business & Economic Development,,None or unknown,
,167494,,,,,,,,Maryland Department of Health,,None or unknown,
,167494,,,,,,,,Maryland Department of Health,,None or unknown,
,167494,,,,,,,,Maryland Department of Health,,None or unknown,
,167494,,,,,,,,Maryland Department of Health,,None or unknown,
,167494,,,,,,,,Maryland Department of Health,,None or unknown,
,167494,,,,,,,,Maryland Department of Health,,None or unknown,
,167494,,,,,,,,Maryland Department of Health,,None or unknown,
,167494,,,,,,,,Maryland Department of Health,,None or unknown,
,167494,,,,,,,,Maryland Department of Health,,None or unknown,
,167494,,,,,,,,Maryland Department of Health,,None or unknown,
,167494,,,,,,,,Maryland Department of Health,,None or unknown,
,167494,,,,,,,,Maryland Department of Health,,None or unknown,
,167494,,,,,,,,Maryland Department of Health,,None or unknown,
,167494,,,,,,,,Maryland Department of Health,,None or unknown,
,167494,Fayette Clinic,,"*Adults only, this site*",,,,,Maryland Department of Health,,None or unknown,https://www.umms.org/ummc/health-services/psychiatry/services/community/outpatient-clinical
,167494,,,,,,,,Maryland Department of Health,,None or unknown,
,167495,,,,,,,,Maryland Department of Human Services,,None or unknown,
,167495,,,On North Broadway between the intersections of North Avenue and Bonaparte Ave.†,,,,,Maryland Department of Human Services,,None or unknown,
,167495,,,Penn-North Center. Large brick building between the intersections of North Avenue and Retreat Street.†,,,None or unknown,,Maryland Department of Human Services,,None or unknown,
,167495,,,Dunbar-Orangeville Center. Between North Linwood Ave and North Curley Street.†,,,None or unknown,,Maryland Department of Human Services,,None or unknown,
,167495,,,,,,,,Maryland Department of Human Services,,None or unknown,
,167495,,,Hilton Heights Center. Tan and brick building on North Hilton Street between the intersections of Franklin Street and Edmonson Avenue.†,,,None or unknown,,Maryland Department of Human Services,,None or unknown,
,167495,,,Northwest Center - Reisterstown†Road near the intersection of Glen Avenue.,,,None or unknown,,Maryland Department of Human Services,,None or unknown,
,167495,,,,,,,,Maryland Department of Human Services,,None or unknown,
,167496,,,,,,,,"Maryland Department of Labor, Licensing & Regulation",,None or unknown,
,167496,,,,,,,,"Maryland Department of Labor, Licensing & Regulation",,None or unknown,
,167496,,,,,,,,"Maryland Department of Labor, Licensing & Regulation",,None or unknown,
,167497,,,,,,,,Disability Rights Maryland,,None or unknown,
,167498,,,,,,,,Maryland Food Bank,,None or unknown,
,167500,,,,,,,,Maryland Higher Education Commission,,None or unknown,
,167503,,,,,,,,"World Trade Center Institute, The",,None or unknown,
,167506,,,,,,,,Maryland New Directions,,None or unknown,
,167508,,,,,,,,"Maryland Society for the Prevention of Cruelty to Animals, The",,None or unknown,
,167508,,,,,,,,"Maryland Society for the Prevention of Cruelty to Animals, The",,None or unknown,
,167509,,,,,,,,Maryland School for the Blind,,None or unknown,
,167511,,,,,,,,Maryland Society for Sight,,None or unknown,
,167512,,,,,,,,Pro Bono Resource Center Of Maryland,,None or unknown,
,167513,,,,,,,,Maryland State Department of Education,,None or unknown,
,167513,,,,,,,,Maryland State Department of Education,,None or unknown,
,167513,,,,,,,,Maryland State Department of Education,,None or unknown,
,167513,,,,,,,,Maryland State Department of Education,,None or unknown,
,167513,,,,,,,,Maryland State Department of Education,,None or unknown,
,167513,,,,,,,,Maryland State Department of Education,,None or unknown,
,167513,,,,,,,,Maryland State Department of Education,,None or unknown,
,167513,,,,,,,,Maryland State Department of Education,,None or unknown,
,167514,,,,,,,,Maryland Department of Transportation,,None or unknown,
,167514,,,,,,,,Maryland Department of Transportation,,None or unknown,
,167516,,,,,,,,Maryland Office of People's Counsel ,,None or unknown,
,167518,,,,,,,,Maryland State Public Service Commission,,None or unknown,
,167519,,,,,,,,Maryland Technology Assistance Program,,None or unknown,
,167520,,,,,,,,Maryland Department of Veterans Affairs,,None or unknown,
,167520,,,,,,,,Maryland Department of Veterans Affairs,,None or unknown,
,167520,,,,,,,,Maryland Department of Veterans Affairs,,None or unknown,
,167521,,,,,,,,Maryland Volunteer Lawyers Service,,None or unknown,
,167521,,,,,,,,Maryland Volunteer Lawyers Service,,None or unknown,
,167524,,,,,,,,Mayor's Office of Employment Development ,,None or unknown,
,167524,,,,,,,,Mayor's Office of Employment Development ,,None or unknown,
,167524,,,,,,,,Mayor's Office of Employment Development ,,None or unknown,
,167524,Accademy for College and Career Exploration; ACCE,,Near the intersection of Falls Road and West 36th Street.†,,,,,Mayor's Office of Employment Development ,,None or unknown,
,167524,,,,,,,,Mayor's Office of Employment Development ,,None or unknown,
,167524,WEB Dubois High School,,"Near the intersections of Pioneer Drive, Fleetwood Avenue and Plymouth Road.† †",,,,,Mayor's Office of Employment Development ,,None or unknown,
,167524,,,Near the intersections of GwynnsFalls Parkway and North Warwick Avenue and North Pulaski Street.††,,,,,Mayor's Office of Employment Development ,,None or unknown,
,167524,,,,,,,,Mayor's Office of Employment Development ,,None or unknown,
,167524,,,,,,,,Mayor's Office of Employment Development ,,None or unknown,
,167524,,,,,,,,Mayor's Office of Employment Development ,,None or unknown,
,167524,,,"Near the intersections of Pioneer Drive, Fleetwood Avenue and Plymouth Road.† †",,,,,Mayor's Office of Employment Development ,,None or unknown,
,167524,,,Near the intersection of Fallstaff Road and Park Heights Avenue.†,,,,,Mayor's Office of Employment Development ,,None or unknown,
,167531,,,,,,,,Samaritan Community,,None or unknown,
,167532,,,,,,,,Mercy Medical Center,,None or unknown,
,167537,,,,,,,,Military Order of The Purple Heart,,None or unknown,
,167552,,,,,,,,Mountain Manor Treatment Centers,,None or unknown,
,167552,,,,,,,,Mountain Manor Treatment Centers,,None or unknown,
,167561,,,,,,,,My Brother's Keeper,,None or unknown,
,167563,,,,,,,,"NAACP, National Headquarters",,None or unknown,
,167563,,,,,,,,"NAACP, National Headquarters",,None or unknown,
,167566,,,,,,,,"National Federation of the Blind, Headquarters",,None or unknown,
,167569,,,,,,,,National Institute on Drug Abuse,,None or unknown,
,167574,,,,,,,,Neighborhood Design Center,,None or unknown,
,167577,,,,,,,,New Creation Christian Church,,None or unknown,
,167578,,,,,,,,New Shiloh Baptist Church,,None or unknown,
,167585,,,,,,,,Maryland Office of the Attorney General,,None or unknown,
,167590,,,,,,,,"On Our Own of Maryland, Inc",,None or unknown,
,167590,,,,,,,,"On Our Own of Maryland, Inc",,None or unknown,
,167595,,,,,,,,"Overeaters Anonymous, World Service Office",,None or unknown,
,167599,,,,,,,,"Family Tree, The",,None or unknown,
,167601,,,,,,,,Park West Health System,,None or unknown,
,167601,,,,,,,,Park West Health System,,None or unknown,
,167601,,,,,,,,Park West Health System,,None or unknown,
,167604,,,,,,,,Inspirit Counseling ,,None or unknown,
,167605,,,,,,,,Payne Memorial Church,,None or unknown,
,167605,,,,,,,,Payne Memorial Church,,None or unknown,
,167608,,,,,,,,People's Church of Baltimore,,None or unknown,
,167610,,,,,,,,Perkins Square Baptist Church,,None or unknown,
,167610,,,,,,,,Perkins Square Baptist Church,,None or unknown,
,167615,,,,,,,,Pregnancy Center North,,None or unknown,
,167616,,,,,,,,Pregnancy Center West,,None or unknown,
,167639,,,,,,,,Project PLASE,,None or unknown,
,167639,,,,,,,,Project PLASE,,None or unknown,
,167639,,,,,,,,Project PLASE,,None or unknown,
,167641,,,,,,,,Providence Baptist Church,,None or unknown,
,167643,,,,,,,,Maryland Office of the Public Defender,,None or unknown,
,167644,,,,,,,,Public Justice Center,,None or unknown,
,167645,,,,,,,,Tuerk House,,None or unknown,
,167645,,,,,,,,Tuerk House,,None or unknown,
,167657,,,,,,,,Radio Reading Network of Maryland,,None or unknown,
,167659,,,,,,,,Ray of Hope Baptist Church,,None or unknown,
,167663,,,,,,,,St. Wenceslaus Catholic Church,,None or unknown,
,167672,,,,,,,,Ronald McDonald House Charities of Baltimore,,None or unknown,
,167675,,,,,,,,"Salvation Army Central Maryland, The",,None or unknown,
,167675,,,,,,,,"Salvation Army Central Maryland, The",,None or unknown,
,167675,,,,,,,,"Salvation Army Central Maryland, The",,None or unknown,
,167675,,,,,,,,"Salvation Army Central Maryland, The",,None or unknown,
,167690,,,,,,,,Second Shiloh Meal Kitchen & Emergency Food Pantry,,None or unknown,
,167693,,,,,,,,Counselors to America's Small Business,,None or unknown,
,167697,,,,,,,,"TurnAround, Inc.",,None or unknown,
,167697,,,,,,,,"TurnAround, Inc.",,None or unknown,
,167699,,,,,,,,Shepherd's Clinic,,None or unknown,
,167702,,,,,,,,Sheppard Pratt Health System,,None or unknown,
,167705,,,,,,,,Sinai Hospital of Baltimore,,None or unknown,
,167705,,,,,,,,Sinai Hospital of Baltimore,,None or unknown,
,167705,,,,,,,,Sinai Hospital of Baltimore,,None or unknown,
,167705,,,,,,,,Sinai Hospital of Baltimore,,None or unknown,
,167706,,,,,,,,U.S. Social Security Administration,,None or unknown,
,167715,,,,,,,,South Baltimore Community Assistance Program,,None or unknown,
,167715,,,,,,,,South Baltimore Community Assistance Program,,None or unknown,
,167717,,,,,,,,Family Health Centers of Baltimore,,None or unknown,
,167717,,,,,,,,Family Health Centers of Baltimore,,None or unknown,
,167717,,,,,,,,Family Health Centers of Baltimore,,None or unknown,
,167718,,,,,,,,"Baltimore Station, The",,None or unknown,
,167718,,,,,,,,"Baltimore Station, The",,None or unknown,
,167723,,,,,,,,Southwest Emergency Services,,None or unknown,
,167724,,,,,,,,Spina Bifida Association of Maryland,,None or unknown,
,167728,,,,,,,,St. Agnes Hospital,,None or unknown,
,167729,,,,,,,,St. Ambrose Housing Aid Center,,None or unknown,
,167731,,,,,,,,St. Cecilia RCC Soup Kitchen,,None or unknown,
,167732,,,,,,,,St. Edward's Catholic Church,,None or unknown,
,167733,,,,,,,,St. Elizabeth's Church,,None or unknown,
,167735,,,,,,,,St. Francis Neighborhood Center,,None or unknown,
,167736,,,,,,,,St. Francis Xavier Church,,None or unknown,
,167737,,,,,,,,St. Gregory the Great Church,,None or unknown,
,167738,,,,,,,,St. Ignatius Catholic Church,,None or unknown,
,167739,,,,,,,,St. John Lutheran Church,,None or unknown,
,167758,,,,,,,,"St. Paul Evangelical Lutheran Church, Baltimore",,None or unknown,
,167762,,,,,,,,St. Peter's Adult Learning Center,,None or unknown,
,167766,,,,,,,,St. Vincent de Paul of Baltimore,,None or unknown,
,167766,,,,,,,,St. Vincent de Paul of Baltimore,,None or unknown,
,167766,,,,,,,,St. Vincent de Paul of Baltimore,,None or unknown,
,167766,,,,,,,,St. Vincent de Paul of Baltimore,,None or unknown,
,167766,,,,,,,,St. Vincent de Paul of Baltimore,,None or unknown,
,167766,,,,,,,,St. Vincent de Paul of Baltimore,,None or unknown,
,167766,,,,,,,,St. Vincent de Paul of Baltimore,,None or unknown,
,167766,,,,,,,,St. Vincent de Paul of Baltimore,,None or unknown,
,167766,,,,,,,,St. Vincent de Paul of Baltimore,,None or unknown,
,167766,,,,,,,,St. Vincent de Paul of Baltimore,,None or unknown,
,167766,,,,,,,,St. Vincent de Paul of Baltimore,,None or unknown,
,167766,,,,,,,,St. Vincent de Paul of Baltimore,,None or unknown,
,167766,,,,,,,,St. Vincent de Paul of Baltimore,,None or unknown,
,167766,,,,,,,,St. Vincent de Paul of Baltimore,,None or unknown,
,167774,,,,,,,,Treatment Resources for Youth ,,None or unknown,
,167774,,,,,,,,Treatment Resources for Youth ,,None or unknown,
,167784,,,,,,,,Total Health Care,,None or unknown,
,167784,,,,,,,,Total Health Care,,None or unknown,
,167784,,,,,,,,Total Health Care,,None or unknown,
,167784,,,,,,,,Total Health Care,,None or unknown,
,167784,,,,,,,,Total Health Care,,None or unknown,
,167784,,,,,,,,Total Health Care,,None or unknown,
,167784,,,,,,,,Total Health Care,,None or unknown,
,167784,,,,,,,,Total Health Care,,None or unknown,
,167791,,,,,,,,Trinity Baptist Church,,None or unknown,
,167792,,,,,,,,True Way Church of Christ,,None or unknown,
,167802,,,,,,,,Westminster House Apartments,,None or unknown,
,167804,,,,,,,,United States Department of the Treasury,,None or unknown,
,167804,"VITA, Baltimore City",,"TAX ASSISTANCE 2018: No income guideline. Providing income tax preparation services 2/1-4/14. Prepares both federal and state tax forms; offers E-filing at all locations. <strong>VITA Tax Locator, 800-906-9887.</strong><br /><br /><strong>Ray of Hope Baptist Church</strong><br />3000 Parkside Drive, Baltimore, MD 21214. Call 410-254-3797<br />Provides assistance from 2/3-3/24. Walk-in Sat, 9AM-12PM. <span style=font-size:14px><strong>Now closed.</strong></span><br /><br /><strong>Coppin State University†</strong><br />2500 West North Avenue, College of Business, Health and Human†Service Building (HHSB),†Room 108, Baltimore, MD 21216. Located off of West North Avenue connecting to the elevator stair tower, near the McDonald Child Development Center (MCDS) and the South Quad. Call 410-951-3444.<br />Provides assistance from 2/2-4/14. Walk-in Mon, Wed, and†Fri, 12:00PM-4:30PM†& Sat, 10AM-2PM (Closed on university holidays).<br /><br />Must bring the following:<br />-- Valid photo ID for self and spouse.<br />-- A Social Security card for EACH family member.<br />-- W-2 forms for all jobs worked in the previous year.<br />-- Child care provider - name, address and tax ID number.<br />-- All banking account information (a voided check and/or savings deposit slip).<br />-- A copy of last year's tax return.<br />-- Any document or information about money received from the IRS, including the advanced Child Tax Credit.<br />-- All 1099 forms for other income, if any.<br />-- Any other tax related documents.",,,None or unknown,,United States Department of the Treasury,,None or unknown,
,167804,"VITA, Baltimore County",,"TAX ASSISTANCE 2018:†No income guideline. Providing income tax preparation services 1/25-4/18. Prepares both federal and state tax forms; offers E-filing at all locations. <strong>VITA Tax Locator, 800-906-9887.</strong><br /><br /><strong>Divine Wisdom Christian Center</strong><br />9990 Liberty Road, Randallstown, MD 21133.<br />Provides assistance from 2/6-3/29. Walk-in Tues, 1-5PM & Thurs, 3-7PM <u>(Site will close when inclement weather is declared, and will open on the next scheduled day).</u><br /><br /><strong>Liberty Seventh†Day Adventist</strong><br />3301 Milford Mill Road, Baltimore, MD 21244.<br />Provides assistance from 2/4-3/25. Walk in Sun, 10AM-2PM.†<br /><br />Must bring the following:<br />-- Valid photo ID for self and spouse.<br />-- A Social Security card for EACH family member.<br />-- W-2 forms for all jobs worked in 2016.<br />-- Child care provider - name, address and tax ID number.<br />-- All banking account information (a voided check and/or savings deposit slip).<br />-- A copy of last year's tax return.<br />-- Any document or information about money received from the IRS, including the advanced Child Tax Credit.<br />-- All 1099 forms for other income, if any.<br />-- Any other tax related documents.",,,None or unknown,,United States Department of the Treasury,,None or unknown,
,167806,,,,,,,,Federal Bureau of Investigation,,None or unknown,
,167809,,,,,,,,"U.S. Small Business Administration, Baltimore",,None or unknown,
,167813,,,,,,,,United Way of Central Maryland,,None or unknown,
,167813,,,,,,,,United Way of Central Maryland,,None or unknown,
,167813,,,,,,,,United Way of Central Maryland,,None or unknown,
,167813,,,,,,,,United Way of Central Maryland,,None or unknown,
,167813,,,,,,,,United Way of Central Maryland,,None or unknown,
,167813,,,,,,,,United Way of Central Maryland,,None or unknown,
,167824,,,,,,,,University of Maryland Dental School,,None or unknown,
,167825,,,,,,,,University of Baltimore School of Law,,None or unknown,
,167826,,,,,,,,University of Maryland College of Agriculture & Natural Resources,,None or unknown,
,167827,,,,,,,,University of Maryland Medical System,,None or unknown,
,167827,,,,,,,,University of Maryland Medical System,,None or unknown,
,167827,,,,,,,,University of Maryland Medical System,,None or unknown,
,167827,,,,,,,,University of Maryland Medical System,,None or unknown,
,167827,,,,,,,,University of Maryland Medical System,,None or unknown,
,167827,,,,,,,,University of Maryland Medical System,,None or unknown,
,167827,,,,,,,,University of Maryland Medical System,,None or unknown,
,167827,,,,,,,,University of Maryland Medical System,,None or unknown,
,167827,,,,,,,,University of Maryland Medical System,,None or unknown,
,167827,,,,,,,,University of Maryland Medical System,,None or unknown,
,167827,,,,,,,,University of Maryland Medical System,,None or unknown,
,167827,,,,,,,,University of Maryland Medical System,,None or unknown,
,167827,,,,,,,,University of Maryland Medical System,,None or unknown,
,167827,,,,,,,,University of Maryland Medical System,,None or unknown,
,167827,,,,,,,,University of Maryland Medical System,,None or unknown,
,167827,,,,,,,,University of Maryland Medical System,,None or unknown,
,167827,,,,,,,,University of Maryland Medical System,,None or unknown,
,167827,,,,,,,,University of Maryland Medical System,,None or unknown,
,167828,,,,,,,,University of Maryland School of Pharmacy,,None or unknown,
,167832,,,,,,,,US Department of Veterans Affairs,,None or unknown,
,167832,,,,,,,,US Department of Veterans Affairs,,None or unknown,
,167832,,,,,,,,US Department of Veterans Affairs,,None or unknown,
,167832,,,,,,,,US Department of Veterans Affairs,,None or unknown,
,167832,,,,,,,,US Department of Veterans Affairs,,None or unknown,
,167833,,,,,,,,Veterans of Foreign Wars,,None or unknown,
,167839,,,,,,,,V-LINC,,None or unknown,
,167856,,,,,,,,Waters AME Church,,None or unknown,
,167859,,,,,,,,Wayland Baptist Church,,None or unknown,
,167860,,,,,,,,Abbott Memorial Presbyterian Church,,None or unknown,
,167865,,,,,,,,Whitestone Baptist Church,,None or unknown,
,167879,,,,,,,,"Women's Growth Center, The",,None or unknown,
,167880,,,,,,,,"Women's Housing Coalition, The",,None or unknown,
,167882,,,,,,,,"Office of the Maryland Women, Infants and Children Program",,None or unknown,
,167882,,,,,,,,"Office of the Maryland Women, Infants and Children Program",,None or unknown,
,167882,,,,,,,,"Office of the Maryland Women, Infants and Children Program",,None or unknown,
,167882,,,,,,,,"Office of the Maryland Women, Infants and Children Program",,None or unknown,
,167882,,,,,,,,"Office of the Maryland Women, Infants and Children Program",,None or unknown,
,167882,,,,,,,,"Office of the Maryland Women, Infants and Children Program",,None or unknown,
,167882,,,,,,,,"Office of the Maryland Women, Infants and Children Program",,None or unknown,
,167882,,,,,,,,"Office of the Maryland Women, Infants and Children Program",,None or unknown,
,167882,,,,,,,,"Office of the Maryland Women, Infants and Children Program",,None or unknown,
,167883,,,,,,,,Woodbourne Center,,None or unknown,
,167883,,,,,,,,Woodbourne Center,,None or unknown,
,167900,,,,,,,,"Y of Central Maryland, Association Office",,None or unknown,
,167900,,,,,,,,"Y of Central Maryland, Association Office",,None or unknown,
,167900,,,,,,,,"Y of Central Maryland, Association Office",,None or unknown,
,167900,,,,,,,,"Y of Central Maryland, Association Office",,None or unknown,
,167900,,,,,,,,"Y of Central Maryland, Association Office",,None or unknown,
,167902,,,,,,,,YWCA of the Greater Baltimore Area,,None or unknown,
,167904,,,,,,,,Zion Baptist Church,,None or unknown,
,167915,,,,,,,,Maryland Department of Assessments & Taxation,,None or unknown,
,167915,,,,,,,,Maryland Department of Assessments & Taxation,,None or unknown,
,167920,,,,,,,,At Jacob's Well,,None or unknown,
,167922,,,,,,,,Baltimore City Mayor's Office of Constituent Services,,None or unknown,
,167922,,,,,,,,Baltimore City Mayor's Office of Constituent Services,,None or unknown,
,167922,,,,,,,,Baltimore City Mayor's Office of Constituent Services,,None or unknown,
,167922,,,,,,,,Baltimore City Mayor's Office of Constituent Services,,None or unknown,
,167922,,,,,,,,Baltimore City Mayor's Office of Constituent Services,,None or unknown,
,167922,,,,,,,,Baltimore City Mayor's Office of Constituent Services,,None or unknown,
,167922,,,,,,,,Baltimore City Mayor's Office of Constituent Services,,None or unknown,
,167923,,,,,,,,Paul's Place,,None or unknown,
,167934,,,,,,,,Twelve Step Recovery Workshop,,None or unknown,
,167941,,,,,,,,"MedChi, The Maryland State Medical Society",,None or unknown,
,167941,,,,,,,,"MedChi, The Maryland State Medical Society",,None or unknown,
,167948,,,,,,,,Al-Anon and Alateen Family Groups,,None or unknown,
,167953,,,,,,,,Baltimore City Department of Communication Services,,None or unknown,
,167969,,,,,,,,Chesapeake Down Syndrome Parent Group,,None or unknown,
,167970,,,,,,,,AIDS Action Baltimore,,None or unknown,
,167975,,,,,,,,South Baltimore Learning Center,,None or unknown,
,168011,,,,,,,,Worker's Compensation Commission,,None or unknown,
,168012,,,,,,,,"Children and Adults with Attention Deficit Disorder, National",,None or unknown,
,168017,,,,,,,,Macedonia Baptist Church,,None or unknown,
,168029,,,,,,,,Baltimore Area Convention and Visitors Association,,None or unknown,
,168033,,,,,,,,"U.S. Food and Drug Administration, Headquarters",,None or unknown,
,168046,,,,,,,,Equal Employment Opportunity Commission ,,None or unknown,
,168048,,,,,,,,Baltimore City Head Start Program,,None or unknown,
,168051,,,,,,,,"Autism Society of America, National Office",,None or unknown,
,168054,,,,,,,,Volunteers of America Chesapeake,,None or unknown,
,168062,,,,,,,,"Special Olympics, Maryland",,None or unknown,
,168063,,,,,,,,"LIFE, Inc.",,None or unknown,
,168071,,,,,,,,VNA Home Health of Maryland,,None or unknown,
,168077,,,,,,,,KeraLink International,,None or unknown,
,168079,,,,,,,,Asthma and Allergy Foundation of America ,,None or unknown,
,168080,,,,,,None or unknown,,Crohn's & Colitis Foundation of America,,None or unknown,
,168085,,,,,,,,Planned Parenthood of Maryland,,None or unknown,
,168095,,,,,,,,Active Day,,None or unknown,
,168098,,,,,,,,Jewish Community Services,,None or unknown,
,168098,,,,,,,,Jewish Community Services,,None or unknown,
,168098,,,,,,,,Jewish Community Services,,None or unknown,
,168126,,,,,,,,MedStar Health,,None or unknown,
,168126,,,,,,,,MedStar Health,,None or unknown,
,168126,,,,,,,,MedStar Health,,None or unknown,
,168126,,,,,,,,MedStar Health,,None or unknown,
,168126,,,,,,,,MedStar Health,,None or unknown,
,168140,,,,,,,,Maryland Insurance Administration,,None or unknown,
,168155,,,,,,,,University of Maryland Baltimore County,,None or unknown,
,168155,,,,,,,,University of Maryland Baltimore County,,None or unknown,
,168162,,,,,,,,"Caroline Center, Baltimore",,None or unknown,
,168176,,,,,,,,Small Business Resource Center,,None or unknown,
,168186,,,,,,,,Coppin State University,,None or unknown,
,168191,,,,,,,,Agape House,,None or unknown,
,168191,,,,,,,,Agape House,,None or unknown,
,168191,,,,,,,,Agape House,,None or unknown,
,168191,,,,,,,,Agape House,,None or unknown,
,168191,,,,,,,,Agape House,,None or unknown,
,168191,,,,,,,,Agape House,,None or unknown,
,168191,,,,,,,,Agape House,,None or unknown,
,168191,,,,,,,,Agape House,,None or unknown,
,168191,,,,,,,,Agape House,,None or unknown,
,168210,,,,,,,,Sisters Together and Reaching,,None or unknown,
,168212,,,,,,,,Maryland Psychiatric Society,,None or unknown,
,168213,,,,,,,,Gilchrist Hospice Care,,None or unknown,
,168223,,,,,,,,First Emmanuel Baptist Church,,None or unknown,
,168235,,,,,,,,Baltimoreans United in Leadership Development,,None or unknown,
,168241,,,,,,,,New Life Evangelical Baptist,,None or unknown,
,168241,,,,,,,,New Life Evangelical Baptist,,None or unknown,
,168241,,,,,,,,New Life Evangelical Baptist,,None or unknown,
,168241,,,"FOOD PANTRY: Provides non-perishable food items to eligible individuals in Baltimore City and Baltimore County. Individuals are eligible for food twice for Department of Social Services (DSS) and once for 211MD every 30 days. <strong>All callers must be able to provide ID and SS card.†</strong><strong>Do not need to call before faxing referral.</strong> Monday-Friday from 9AM-4PM. Also, offers diapers sizes 1-6 and Similac Advance formula if available. Diapers are provided to families with children up to 18 months old, and formula is provided to families with children up to 12 months old. Diapers and formula may be provided to families with older†children if the child has a documented disability†<strong>(call to confirm availability, and individuals must bring birth certificates and social security cards for children; children with a disability, families must provide documentation).</strong>†",newlifebc@aol.com,,None or unknown,,New Life Evangelical Baptist,,None or unknown,
,168248,,,,,,,,"U.S. Department of Labor, Wage and Hour Division",,None or unknown,
,168250,,,,,,,,Gift of Hope Missionaries of Charity,,None or unknown,
,168253,,,,,,,,"Jobs, Housing & Recovery",,None or unknown,
,168257,,,,,,,,Baltimore Center Stage,,None or unknown,
,168259,,,,,,,,Business Volunteer Unlimited Maryland,,None or unknown,
,168270,,,,,,,,Casa de Maryland,,None or unknown,
,168280,,,,,,,,Living Classrooms Foundation,,None or unknown,
,168299,,,,,,,,District Court of Maryland,,None or unknown,
,168299,,,,,,,,District Court of Maryland,,None or unknown,
,168299,,,,,,,,District Court of Maryland,,None or unknown,
,168299,,,,,,,,District Court of Maryland,,None or unknown,
,168313,,,,,,,,Maryland Humanities ,,None or unknown,
,168324,,,,,,,,Belair-Edison Neighborhoods,,None or unknown,
,168328,,,,,,,,"Rebuilding Together, Baltimore",,None or unknown,
,168335,,,,,,,,Coalition to End Childhood Lead Poisoning,,None or unknown,
,168337,,,,,,,,Valley Bridge Alcoholism Program,,None or unknown,
,168350,,,,,,,,"US Department of Labor, Employment & Training Administration",,None or unknown,
,168352,,,,,,,,University of Maryland School of Medicine,,None or unknown,
,168352,,,,,,,,University of Maryland School of Medicine,,None or unknown,
,168352,,,,,,,,University of Maryland School of Medicine,,None or unknown,
,168355,,,,,,,,New Song Urban Ministries,,None or unknown,
,168356,,,,,,,,Johns Hopkins University School of Nursing,,None or unknown,
,168359,,,,,,,,Eastside Community Development Corporation,,None or unknown,
,168360,,,,,,,,Comprehensive Housing Assistance,,None or unknown,
,168361,,,,,,,,Development Corporation of Northwest Baltimore,,None or unknown,
,168362,,,,,,,,Oliver Community Economic Development Corporation,,None or unknown,
,168379,,,,,,,,Maryland Center for Veterans Education & Training,,None or unknown,
,168382,,,,,,,,Raven's Medical Adult Day Care Center,,None or unknown,
,168387,,,,,,,,Baltimore Mediation Facilitation & Training,,None or unknown,
,168394,,,,,,,,Powell Recovery Center,,None or unknown,
,168396,,,,,,,,Julie Community Center,,None or unknown,
,168399,,,,,,,,Youth As Resources,,None or unknown,
,168400,,,,,,,,Eubie Blake National Jazz Institute and Cultural Center,,None or unknown,
,168401,,,,,,,,United Ministries,,None or unknown,
,168402,,,,,,,,Historic East Baltimore Community Action Coalition,,None or unknown,
,168412,,,,,,,,Donald Bentley Food Pantry,,None or unknown,
,168418,,,,,,,,Senior Network of North Baltimore/GEDCO,,None or unknown,
,168423,,,,,,,,Traditional Acupuncture Institute (TAI),,None or unknown,
,168425,,,,,,,,Trinity Newbirth International Christian Ministry,,None or unknown,
,168428,,,,,,,,Greater Grace World Outreach,,None or unknown,
,168429,,,,,,,,Pillar & Ground of the Truth Deliverance Church,,None or unknown,
,168431,,,,,,,,Child First Authority,,None or unknown,
,168435,,,,,,,,Providence Adult Day Care,,None or unknown,
,168436,,,,,,,,Maryland Educational Opportunity Center,,None or unknown,
,168436,,,,,,,,Maryland Educational Opportunity Center,,None or unknown,
,168439,,,,,,,,"Meals On Wheels, Central MD",,None or unknown,
,168442,,,,,,,,Maryland National Guard,,None or unknown,
,168443,HCAM,,,,,None or unknown,,Baltimore City Health Department,,None or unknown,
,168443,,,,,,,,Baltimore City Health Department,,None or unknown,
,168443,,,,,,,,Baltimore City Health Department,,None or unknown,
,168443,,,,,,,,Baltimore City Health Department,,None or unknown,
,168443,,,Near intersection†of East Fayette Street and North Exeter Street,,,,,Baltimore City Health Department,,None or unknown,
,168443,,,,,,,,Baltimore City Health Department,,None or unknown,
,168443,,,,,,,,Baltimore City Health Department,,None or unknown,
,168443,,,,,,,,Baltimore City Health Department,,None or unknown,
,168443,,,,,,,,Baltimore City Health Department,,None or unknown,
,168443,,,,,,,,Baltimore City Health Department,,None or unknown,
,168443,,,,,,,,Baltimore City Health Department,,None or unknown,
,168443,,,,,,,,Baltimore City Health Department,,None or unknown,
,168443,,,,,,,,Baltimore City Health Department,,None or unknown,
,168443,,,,,,,,Baltimore City Health Department,,None or unknown,
,168443,,,,,,,,Baltimore City Health Department,,None or unknown,
,168443,,,,,,,,Baltimore City Health Department,,None or unknown,
,168443,,,,,,,,Baltimore City Health Department,,None or unknown,
,168443,,,,,,,,Baltimore City Health Department,,None or unknown,
,168443,,,,,,,,Baltimore City Health Department,,None or unknown,
,168443,,,,,,,,Baltimore City Health Department,,None or unknown,
,168443,,,,,,,,Baltimore City Health Department,,None or unknown,
,168443,,,,,,,,Baltimore City Health Department,,None or unknown,
,168443,,,,,,,,Baltimore City Health Department,,None or unknown,
,168443,,,,,,,,Baltimore City Health Department,,None or unknown,
,168444,,,,,,,,Baltimore Neighborhoods,,None or unknown,
,168448,,,,,,,,Patrick Allison House,,None or unknown,
,168455,,,,,,,,Presbytery of Baltimore,,None or unknown,
,168463,,,,,,,,Maryland Department of Aging,,None or unknown,
,168463,,,,,,,,Maryland Department of Aging,,None or unknown,
,168463,,,,,,,,Maryland Department of Aging,,None or unknown,
,168463,,,,,,,,Maryland Department of Aging,,None or unknown,
,168474,,,,,,,,Greater Baltimore Committee,,None or unknown,
,168484,,,,,,,,Moveable Feast,,None or unknown,
,168485,,,,,,,,"I Can't, We Can",,None or unknown,
,168486,,,,,,,,Habitat for Humanity International,,None or unknown,
,168486,,,,,,,,Habitat for Humanity International,,None or unknown,
,168493,,,,,,,,Education Based Latino Outreach,,None or unknown,
,168498,,,,,,,,Maryland Center for Arts and Technology,,None or unknown,
,168508,,,,,,,,Light Health & Wellness Comprehensive Service,,None or unknown,
,168516,,,,,,,,Brain Injury Association of Maryland,,None or unknown,
,168521,,,,,,,,Federal Public Defender's Office,,None or unknown,
,168523,,,,,,,,Johns Hopkins Community Physicians,,None or unknown,
,168523,,,,,,,,Johns Hopkins Community Physicians,,None or unknown,
,168523,,,,,,,,Johns Hopkins Community Physicians,,None or unknown,
,168524,,,,,,,,Outward Bound USA,,None or unknown,
,168538,,,,,,,,Pet Loss Helpline,,None or unknown,
,168557,,,,,,,,Mosaic Community Services,,None or unknown,
,168557,,,,,,,,Mosaic Community Services,,None or unknown,
,168571,,,,,,,,Civic Works,,None or unknown,
,168571,,,,,,,,Civic Works,,None or unknown,
,168571,,,,,,,,Civic Works,,None or unknown,
,168571,,,,,,,,Civic Works,,None or unknown,
,168571,,,,,,,,Civic Works,,None or unknown,
,168571,,,,,,,,Civic Works,,None or unknown,
,168575,,,,,,,,Churches United Against AIDS,,None or unknown,
,168577,,,,,,,,"Key Point Health Services, Administrative Office",,None or unknown,
,168580,,,,,,,,Baltimore Child Abuse Center,,None or unknown,
,168581,,,,,,,,Women Accepting Responsibility ,,None or unknown,
,168583,,,,,,,,"Men and Families Center, The",,None or unknown,
,168585,,,,,,,,America Works of Maryland,,None or unknown,
,168598,,,,,,,,DRU Mondawmin Healthy Families,,None or unknown,
,168600,,,,,,,,Booker T. Washington Middle School,,None or unknown,
,168601,,,,,,,,MedMark Treatment Centers,,None or unknown,
,168601,,,,,,,,MedMark Treatment Centers,,None or unknown,
,168607,,,,,,,,Progressive Life Center,,None or unknown,
,168607,,,,,,,,Progressive Life Center,,None or unknown,
,168612,,,,,,,,U.S. Department of Housing and Urban Development,,None or unknown,
,168616,,,,,,,,"Shelter Group, The",,None or unknown,
,168626,,,,,,,,Native American Lifelines,,None or unknown,
,168632,,,,,,,,1000 Friends of Maryland,,None or unknown,
,168639,,,,,,,,Maryland Emergency Management Agency,,None or unknown,
,168640,,,,,,,,Victoire Health Services,,None or unknown,
,168641,,,,,,,,Family League of Baltimore City,,None or unknown,
,168649,,,,,,,,Center for Urban Families,,None or unknown,
,168649,,,,,,,,Center for Urban Families,,None or unknown,
,168649,,,,,,,,Center for Urban Families,,None or unknown,
,168653,,,,,,,,Recovery Network ,,None or unknown,
,168656,,,,,,,,Community Conferencing Center,,None or unknown,
,168664,,,,,,,,Self Help and Resource Exchange Network,,None or unknown,
,168670,,,,,,,,A Step Forward,,None or unknown,
,168671,,,,,,,,Downtown Partnership of Baltimore,,None or unknown,
,168674,,,,,,,,Gaudenzia,,None or unknown,
,168674,,,,,,,,Gaudenzia,,None or unknown,
,168675,,,,,,,,Christus Victor Lutheran Church,,None or unknown,
,168676,,,,,,,,Newborn Holistic Ministries,,None or unknown,
,168679,,,,,,,,"National Council on Alcoholism & Drug Dependence, Maryland",,None or unknown,
,168679,,,,,,,,"National Council on Alcoholism & Drug Dependence, Maryland",,None or unknown,
,168683,,,,,,,,Vehicles For Change,,None or unknown,
,168694,,,,,,,,US Department of Homeland Security,,None or unknown,
,168707,,,,,,,,Augsburg Lutheran Home & Village,,None or unknown,
,168715,,,,,,,,Taylor Made Assisted Living Center,,None or unknown,
,168722,,,,,,,,Johns Hopkins University School of Medicine,,None or unknown,
,168722,,,,,,,,Johns Hopkins University School of Medicine,,None or unknown,
,168722,,,,,,,,Johns Hopkins University School of Medicine,,None or unknown,
,168722,,,,,,,,Johns Hopkins University School of Medicine,,None or unknown,
,168723,,,,,,,,Whole Woman's Health,,None or unknown,
,168728,,,,,,,,Fusion Partnerships,,None or unknown,
,168728,,,,,,,,Fusion Partnerships,,None or unknown,
,168736,,,,,,,,New Antioch Church,,None or unknown,
,168736,,,,,,,,New Antioch Church,,None or unknown,
,168741,,,,,,,,All About You Health Care Service,,None or unknown,
,168747,,,,,,,,University of Maryland School of Law,,None or unknown,
,168747,,,,,,,,University of Maryland School of Law,,None or unknown,
,168749,,,,,,,,Dependable Nursing Services,,None or unknown,
,168751,,,,,,,,"People Encouraging People, Corporate Office",,None or unknown,
,168751,,,,,,,,"People Encouraging People, Corporate Office",,None or unknown,
,168752,,,,,,,,Ebenezer AME Church,,None or unknown,
,168754,,,,,,,,Maryland Department of Public Safety & Correctional Services,,None or unknown,
,168754,,,,,,,,Maryland Department of Public Safety & Correctional Services,,None or unknown,
,168754,,,,,,,,Maryland Department of Public Safety & Correctional Services,,None or unknown,
,168861,,,,,,,,Baltimore Outreach Services,,None or unknown,
,168862,,,,,,,,Dayspring Programs,,None or unknown,
,168862,,,,,,,,Dayspring Programs,,None or unknown,
,168875,,,,,,,,Baltimore City Bar Association,,None or unknown,
,168877,,,,,,,,Hostelling International - USA Potomac Area Council,,None or unknown,
,168881,,,,,,,,The Family Center at Kennedy Krieger,,None or unknown,
,168900,,,,,,,,Governor's Office,,None or unknown,
,168943,,,,,,,,Cherry Hill Homes,,None or unknown,
,168943,,,,,,,,Cherry Hill Homes,,None or unknown,
,168989,,,,,,,,Survivors of Suicide,,None or unknown,
,169001,,,,,,,,Morgan State University,,None or unknown,
,169001,,,,,,,,Morgan State University,,None or unknown,
,169010,,,,,,,,Johns Hopkins Children's Center,,None or unknown,
,169011,,,,,,,,National Alliance on Mental Illness of Maryland,,None or unknown,
,169014,,,,,,,,Baltimore County Office of Workforce Development,,None or unknown,
,169014,,,,,,,,Baltimore County Office of Workforce Development,,None or unknown,
,169021,,,,,,,,Developmental Disabilities Administration ,,None or unknown,
,169023,,,,,,,,Center for Community Integration,,None or unknown,
,169027,,,,,,,,United States Department of Health and Human Services,,None or unknown,
,169035,,,,,,,,Episcopal Housing Corporation,,None or unknown,
,169036,,,,,,,,Garwyn Oaks Housing Resource Center,,None or unknown,
,169047,,,,,,,,"Book Thing of Baltimore, The",,None or unknown,
,169051,,,,,,,,NorthEast Development Alliance,,None or unknown,
,169052,,,,,,,,Pathway Church of God ,,None or unknown,
,169052,,,,,,,,Pathway Church of God ,,None or unknown,
,169061,,,,,,,,Structured Employment Economic Development Corporation,,None or unknown,
,169061,,,,,,,,Structured Employment Economic Development Corporation,,None or unknown,
,169066,,,,,,,,Service Employees International Union,,None or unknown,
,169071,,,,,,,,Helping Other People Through Empowerment ,,None or unknown,
,169071,,,,,,,,Helping Other People Through Empowerment ,,None or unknown,
,169074,,,,,,,,Optimum Health Systems,,None or unknown,
,169080,,,,,,,,Druid Heights Community Development Corporation,,None or unknown,
,169084,,,,,,,,Southeast Community Development Corporation,,None or unknown,
,169095,,,,,,,,Civil Justice,,None or unknown,
,169096,,,,,,,,Spectrum Support,,None or unknown,
,169112,,,,,,,,Coppin Heights Community Development Corporation,,None or unknown,
,169139,,,,,,,,Maryland State Board of Elections,,None or unknown,
,169142,,,,,,,,Baltimore City Sheriff's Office,,None or unknown,
,169144,,,,,,,,Baltimore City Circuit Court,,None or unknown,
,169144,,,,,,,,Baltimore City Circuit Court,,None or unknown,
,169149,,,,,,,,University of Maryland School of Social Work,,None or unknown,
,169149,,,,,,,,University of Maryland School of Social Work,,None or unknown,
,169150,,,,,,,,US Department of Defense,,None or unknown,
,169150,,,,,,,,US Department of Defense,,None or unknown,
,174272,,,,,,,,Loyola University in Maryland,,None or unknown,
,174293,,,,,,,,Maryland Department of Information and Technology,,None or unknown,
,174293,,,,,,,,Maryland Department of Information and Technology,,None or unknown,
,182028,,,Located in between the intersections of East Saratoga Street and East Lexington Street.†,,,,,Job Opportunities Task Force (JOTF),,None or unknown,
,182028,,,,,,,,Job Opportunities Task Force (JOTF),,None or unknown,
,182028,,,,,,,,Job Opportunities Task Force (JOTF),,None or unknown,
,182028,,,,,,,,Job Opportunities Task Force (JOTF),,None or unknown,
,182028,,,,,,,,Job Opportunities Task Force (JOTF),,None or unknown,
,182028,,,,,,,,Job Opportunities Task Force (JOTF),,None or unknown,
,182559,,,,,,,,University of Baltimore,,None or unknown,
,182563,,,,,,,,Maryland Church of God,,None or unknown,
,182683,,,,,,,,Maryland Crime Victims Resource Center,,None or unknown,
,188179,,,,,,,,Higher Achievement Program,,None or unknown,
,201133,,,,,,,,Maryland Family Network,,None or unknown,
,201133,,,,,,,,Maryland Family Network,,None or unknown,
,201133,,,,,,,,Maryland Family Network,,None or unknown,
,201133,,,,,,,,Maryland Family Network,,None or unknown,
,201133,,,,,,,,Maryland Family Network,,None or unknown,
,201551,,,,,,,,LHC Group,,None or unknown,
,201551,,,,,,,,LHC Group,,None or unknown,
,201621,,,,,,,,Amedisys,,None or unknown,
,203444,,,,,,,,Village Learning Place,,None or unknown,
,203444,,,,,,,,Village Learning Place,,None or unknown,
,203459,,,,,,,,National Court Appointed Special Advocate Program,,None or unknown,
,203599,,,,,,,,Baltimore Urban Debate League,,None or unknown,
,203786,,,,,,,,Bell Foundation,,None or unknown,
,203791,,,,,,,,Pan in the Community,,None or unknown,
,203809,,,,,,,,"Fitness Fun & Games, Inc.",,None or unknown,
,203844,,,,,,,,"OrchKids, Inc.",,None or unknown,
,204007,,,,,,,,Creative Alliance,,None or unknown,
,204262,,,,,,,,"Reclaiming Our Children and Community Project, Inc.",,None or unknown,
,204343,,,,,,,,Youth Media,,None or unknown,
,212342,,,,,,,,Y.E.S. Club,,None or unknown,
,219213,,,,,,,,CSI Support and Development,,None or unknown,
,219272,,,,,,,,JPS Health Services,,None or unknown,
,219399,,,,,,,,Jai Medical Center,,None or unknown,
,219399,,,,,,,,Jai Medical Center,,None or unknown,
,219399,,,,,,,,Jai Medical Center,,None or unknown,
,219399,,,,,,,,Jai Medical Center,,None or unknown,
,219426,,,,,,,,New Waverly United Methodist Church,,None or unknown,
,259785,,,,,,,,St. Peter Manna Locker,,None or unknown,
,259785,,,,,,,,St. Peter Manna Locker,,None or unknown,
,259785,,,,,,,,St. Peter Manna Locker,,None or unknown,
,259785,,,,,,,,St. Peter Manna Locker,,None or unknown,
,259792,,,,,,,,Christian Memorial Church,,None or unknown,
,260007,,,,,,,,New Life Fellowship Church of Christ,,None or unknown,
,260063,,,,,,,,Islamic Society of Baltimore,,None or unknown,
,260072,,,,,,,,Maryland Board of Nursing,,None or unknown,
,260285,,,,,,,,American Legion National Headquarters,,None or unknown,
,271139,,,,,,,,Calvary Baptist Church,,None or unknown,
,271284,,,,,,,,Temple House,,None or unknown,
,358097,,,,,,,,Baltimore American Indian Center,,None or unknown,
,358099,,,,,,,,Apex Counseling Center,,None or unknown,
,358497,,,,,,,,Dress For Success Worldwide,,None or unknown,
,358719,,,,,,,,Maryland Energy Administration,,None or unknown,
,358732,,,,,,,,Maryland Department of Environment,,None or unknown,
,358851,,,,,,,,Mt. Moriah Church,,None or unknown,
,358869,,,,,,,,Boundless Innovations for Holistic Living,,None or unknown,
,358869,,,Across the street from Edmondson Westside High School.,,,None or unknown,,Boundless Innovations for Holistic Living,,None or unknown,
,367690,,,,,,,,World Relief,,None or unknown,
,367693,,,,,,,,Freedom Advocates Celebrating Ex-Offenders,,None or unknown,
,367995,,,,,,,,Metro Crime Stoppers,,None or unknown,
,368000,,,,,,,,New Vision House of Hope,,None or unknown,
,368000,,,,,,,,New Vision House of Hope,,None or unknown,
,374366,,,,,,,,Light of Truth Center,,None or unknown,
,374389,,,,,,,,Port Recovery,,None or unknown,
,374389,,,,,,,,Port Recovery,,None or unknown,
,374398,,,,,,,,Mount Pleasant ,,None or unknown,
,401426,,,,,,,,Beth-El Temple Church of Christ,,None or unknown,
,401426,,,,,,,,Beth-El Temple Church of Christ,,None or unknown,
,401849,,,,,,,,First Baptist Church of Dundalk,,None or unknown,
,616544,,,ASSISTED LIVING: Provides short and long-term care with 24-hour personal supervision by a†registered†nurse in a community setting.,info@allstaffinginc.com,,None or unknown,,All Together Network,,None or unknown,www.allstaffinginc.com
,616544,,,ASSISTED LIVING: Provides short and long-term care with 24-hour personal supervision by a†registered†nurse in a community setting.,info@allstaffinginc.com,,None or unknown,,All Together Network,,None or unknown,www.allstaffinginc.com
,616544,,,,,,,,All Together Network,,None or unknown,
,616544,,,Near Tunbridge†Road and Ivanhoe†Avenue. Not near an accessible bus route.†,,,None or unknown,,All Together Network,,None or unknown,
,616544,,,Near Tunbridge†Road and Ivanhoe†Avenue. Not near an accessible bus route.†,,,None or unknown,,All Together Network,,None or unknown,
,616558,,,,,,,,Institutes for Behavioral Resources,,None or unknown,
,616562,,,,,,,,Man Alive,,None or unknown,
,616571,,,,,,,,Beechfield United Methodist,,None or unknown,
,616574,,,,,,,,David B Wright Memorial Foundation,,None or unknown,
,1110733,,,,,,,,Roberta's House Family Grief Support Center,,None or unknown,
,1294078,,,,,,,,Boys and Girls Clubs of America,,None or unknown,
,1608504,,,Located in Mondawmin Mall.,info@change-health.com,,None or unknown,,Change Health Systems,,None or unknown,www.change-health.com
,1739551,,,,,,,,Brooklyn Community United Methodist Church ,,None or unknown,
,1739551,,,,,,,,Brooklyn Community United Methodist Church ,,None or unknown,
,1740613,,,,,,,,Loving Arms,,None or unknown,
,1740990,,,,,,,,Walters Art Museum,,None or unknown,
,1741086,,,,,,,,Parks and People Foundation,,None or unknown,
,1786020,,,"Located on Falls Road, there is a small parking lot attached and a garage is available.<br />†",,,,,Art with a Heart,,None or unknown,
,1830710,,,,,,,,CollegeBound Foundation,,None or unknown,
,1830800,,,,,,,,UMAR Boxing ,,None or unknown,
,2001145,,,,,,,,Project Teaching Our Own Understanding and Responsibility,,None or unknown,
,2001145,,,,,,,,Project Teaching Our Own Understanding and Responsibility,,None or unknown,
,2001145,,,,,,,,Project Teaching Our Own Understanding and Responsibility,,None or unknown,
,2001145,,,,,,,,Project Teaching Our Own Understanding and Responsibility,,None or unknown,
,2001145,,,,,,,,Project Teaching Our Own Understanding and Responsibility,,None or unknown,
,2001145,,,,,,,,Project Teaching Our Own Understanding and Responsibility,,None or unknown,
,2698485,,,,,,,,Urban Alliance ,,None or unknown,
,2967177,,,,,,,,"Hearts and Ears, Inc.",,None or unknown,
,3009943,,,,,,,,Charm City Clinic,,None or unknown,
,3171543,,,,,,,,New Psalmist Baptist Church,,None or unknown,
,3171543,,,,,,,,New Psalmist Baptist Church,,None or unknown,
,3373846,,,,,,,,Archdiocese of Baltimore,,None or unknown,
,3629791,,,,,,,,Pen Lucy Action Network,,None or unknown,
,3688393,,,,,,,,A Mother's Cry,,None or unknown,
,6941139,,,,,,,,St. Mary's Church,,None or unknown,
,7154751,,,,,,,,Tender Touch Assisted Living,,None or unknown,
,8891969,,,,,,,,"Baltimore City Department of Housing & Community Development Division of Green, Healthy & Sustainable Homes",,None or unknown,
,8892260,,,,,,,,"Ulman Cancer Fund, The",,None or unknown,
,9061262,,,,,,,,Baltimore Community Tool Bank,,None or unknown,
,9219438,,,,,,,,"Hampden Health Solutions, Inc.",,None or unknown,
,9693853,,,,,,,,East Baltimore Church of God,,None or unknown,
,9693892,,,,,,,,Youth Empowered Society,,None or unknown,
,9789514,,,,,,,,Epworth United Methodist Chapel,,None or unknown,
,10117122,,,,,,,,FreeState Legal Project,,None or unknown,
,10562264,,,,,,,,Carney Assembly of God,,None or unknown,
,11920917,,,,,,,,St. Clement's Church,,None or unknown,
,12277601,,,,,,,,Pressley Ridge,,None or unknown,
,12477699,,,,,,,,Second Chance,,None or unknown,
,12689149,,,,,,,,My Covenant Place,,None or unknown,
,12830652,,,,,,,,Scarlet Covering ,,None or unknown,
,12832490,,,,,,,,St. Luke's Catholic Church,,None or unknown,
,14884621,,,,,,,,Maryland Health Connection,,None or unknown,
,14982140,,,,,,,,Govans Presbyterian Church,,None or unknown,
,15044791,,,,,,,,Community Mediation Maryland,,None or unknown,
,17174779,,,,,,,,Family Recovery Program,,None or unknown,
,17175009,,,,,,,,Park Heights Renaissance,,None or unknown,
,21272107,,,,,,,,Lutheran Immigration and Refugee Service,,None or unknown,
,23505117,,,,,,,,Union Baptist Church ,,None or unknown,
,24322688,,,,,,,,Mt Oliver Missionary Baptist Church ,,None or unknown,
,24418029,,,,,,,,Mattie B. Uzzle Outreach Center,,None or unknown,
,26878053,,,,,,,,Northside Baptist Church ,,None or unknown,
,27851383,,,,,,,,Baltimore Therapy Center,,None or unknown,
,27851469,,,,,,,,Drink At The Well,,None or unknown,
,28766236,,,,,,,,Safe Alternative Foundation for Education (SAFE),,None or unknown,
,29057295,,,,,,,,Deliverance Through Jesus Christ Apostolic Faith Church,,None or unknown,
,29426582,,,,,,,,WIN Family Services,,None or unknown,
,30817598,,,,,,,,Southeast Community Development Corporation,,None or unknown,
,31463212,,,,,,,,Asylee Women Enterprise,,None or unknown,
,31463215,,,,,,,,"Clay Pots, A Place to Grow",,None or unknown,
,34283650,,,,,,,,Tahirih Justice Center,,None or unknown,
,35281678,,,,,,,,Gather Baltimore,,None or unknown,
,35553872,,,,,,,,Faith Tabernacle Church,,None or unknown,
,36814220,,,,,,,,Manna Bible Baptist Church,,None or unknown,
,37337784,,,,,,,,Baltimore City Department of Public Works,,None or unknown,
,38339526,,,,,,,,Baltimore Regional Housing Partnership,,None or unknown,
,38359492,,,,,,,,Olivet Baptist Church,,None or unknown,
,39378823,,,,,,,,Mount Zion Food Pantry,,None or unknown,
,39970361,,,,,,,,St. Matthias Episcopal Church,,None or unknown,
,40202590,,,,,,,,St. Luke Lutheran Church,,None or unknown,
,40202590,,,,,,,,St. Luke Lutheran Church,,None or unknown,
,41274411,,,,,,,,Evergreen AME Church,,None or unknown,
,42114823,,,,,,,,"Faith Baptist Church, Baltimore City",,None or unknown,
,42254217,,,,,,,,Divine Deliverance Apostle Faith Church,,None or unknown,
,44865489,,,,,,,,Blossoms House of Restoration ,,None or unknown,
,48463262,,,Near the intersection of West Lafayette Avenue and North Charles Street.†,,,None or unknown,,Empowering Minds Resource Center ,,None or unknown,
,51054427,,,,,,None or unknown,,Centers for Behavioral Health,,None or unknown,
,53488803,,,Near the intersections of Frankford Avenue and Greenhill Avenue.,,,,,St. Anthony of Padua Church,,None or unknown,
,54147319,,,,,,,,Wright Way Tax Solutions,,None or unknown,
,54843697,,,Located near the intersections of Rutland Avenue and McDonogh Street.,,,,,Baltimore City Mayor's Office of Human Services ,,None or unknown,
,54843697,,,,,,,,Baltimore City Mayor's Office of Human Services ,,None or unknown,
,54843697,,,,,,,,Baltimore City Mayor's Office of Human Services ,,None or unknown,
,54843697,,,,,,,,Baltimore City Mayor's Office of Human Services ,,None or unknown,
,54843697,,,,,,,,Baltimore City Mayor's Office of Human Services ,,None or unknown,
,54943247,,,,,,,,Faith Community Church ,,None or unknown,
,54943247,,,,,,,,Faith Community Church ,,None or unknown,
,55059188,,,,,,,,Health Freedom,,None or unknown,
,55823100,,,,,,None or unknown,,Concerted Care Group,,None or unknown,
,56363924,,,Located off the intersection of Oakdale Rd and Church Ln.†,,,None or unknown,,Asylum Seekers Housing Network,,None or unknown,
,56363983,,,near intersection of Tunbridge†Road and York†Road,,,None or unknown,,Insightful Life Therapeutic Services,,None or unknown,
,56406496,,,Near the intersection of North Howard Street and West 20th†Street.,,,None or unknown,,Better Tomorrow Starts Today,,None or unknown,www.btstservices.com
,56406505,,,Near the intersection of Druid Park Drive and Towanda†Avenue.,,,None or unknown,,TIME Organization Inc. ,,None or unknown,http://www.timeorganization.org/
,56406516,,,Near intersection of Harford Road and White Avenue,nvbha2004@hotmail.com,,None or unknown,,"New Vision Behavioral Health Services, Inc",,None or unknown,www.newvisionbehavioral.org
,56406541,,,,,,None or unknown,,National Pike Health Centers,,None or unknown,http://www.nphcinc.com/
,56406541,,,Near intersection of Old Frederick Road and Orpington Road,,,None or unknown,,National Pike Health Centers,,None or unknown,http://www.nphcinc.com/
,56406555,,,Near intersection of Lexington Street and Guilford Avenue,,,None or unknown,,"Inspirations, LLC",,None or unknown,http://www.inspirationsmd.com/
,56406588,,,Located in between Ocala Avenue and Tioga Parkway off of Reisterstown Road.†,,,None or unknown,,Mt. Lebanon Baptist Church ,,None or unknown,
,56460361,,,,,,None or unknown,,Positive Steps LLC,,None or unknown,www.positivestepsllc.org
,56481540,,,Near the intersection of Kelso Drive and Nashua Court.,info@brighterstrongerfoundation.com,,None or unknown,,Brighter Stronger Foundation,,None or unknown,http://www.brighterstrongerfoundation.com 
,56662538,,,Located between West Rogers Avenue and Reisterstown†Road.,info@alloverhealthcaregroup.com,,None or unknown,,Allover Healthcare Group ,,None or unknown,www.alloverhealthcaregroup.com
,56683352,,,Located near the intersection of Metropolitan Blvd (195) and Aviation Blvd (170).†,,,None or unknown,,Operation Welcome Home,,None or unknown,
,56755788,,,,emartinez@supportkind.org,,None or unknown,,Project KIND,,None or unknown,https://supportkind.org/
,57248990,,,"Designates Cooling Centers in the county. Cooling centers will be open Mon, Aug 27th - Thurs, Aug 30th.†<br /><br /><strong>Cooling Centers</strong><br />Senior Activity Centers will be available Fri, Jun 29th, and Mon, July 2nd, 8:30AM-4PM<ul> <li>Annapolis Senior Activity Center, 119 South Villa Avenue, Annapolis</li> <li>Arnold Senior Activity Center, 44 Church Road, Arnold</li> <li>Brooklyn Park Senior Activity Center, 202 Hammonds Lane, Brooklyn Park</li> <li>O'Malley Senior Activity Center, 1275 Odenton Road, Odenton</li> <li>Pasadena Senior Activity Center, 4103 Mountain Road, Pasadena</li> <li>Pascal Senior Activity Center, 125 Dorsey Road, Glen Burnie</li> <li>South County Senior Activity Center, 27 Stepneys Lane, Edgewater</li></ul>Public Libraries will be available Fri, Jun 29-Sat, Jun 30, 9AM-5PM and Mon, July 2, 9AM-9PM<ul> <li>Annapolis Area Library: 1410 West Street, Annapolis</li> <li>Broadneck Community Library: 1275 Green Holly Drive, Annapolis</li> <li>Brooklyn Park Community Library: 1 East 11th Avenue, Baltimore</li> <li>Crofton Community Library: 1681 Riedel Road, Crofton</li> <li>Deale Community Library: 5940 Deale-Churchton Road, Deale</li> <li>Eastport-Annapolis Neck Community Library: 269 Hillsmere Drive, Annapolis</li> <li>Edgewater Community Library: 25 Stepneys Lane, Edgewater</li> <li>Glen Burnie Library: 1010 Eastway, Glen Burnie</li> <li>Linthicum Community Library: 400 Shipley Road, Linthicum</li> <li>Odenton Library: 1325 Annapolis Road, Odenton</li> <li>Maryland City at Russett Community Library: 3501 Russett Common, Laurel</li> <li>Mountain Road Community Library: 4730 Mountain Road, Pasadena</li> <li>Severna Park Community Library: 45 West McKinsey Rd</li> <li>Severn Community Library Severn Square Shopping Center, 2624 Annapolis Rd</li> <li>Riviera Beach Community Library: 1130 Duvall Highway, Pasadena</li></ul>County Police will be available Fri, Jun 29-Tues, July 3 at 8AM.<br />Community Rooms/Cooling Center have water and restrooms. Medical care is not available and pets are not allowed in cooling centers. Accommodations will be made for service animals.<ul> <li>Northern District, 939 Hammonds Lane, Baltimore</li> <li>Eastern District, 204 Pasadena Road, Pasadena</li> <li>Western District, 8273 Telegraph Road, Odenton</li> <li>Southern District, 35 Stepneys Lane, Edgewater</li></ul><strong>Transportation</strong><br />Transportation is only provided during normal business hours, Mon-Fri, 8:30AM-4PM. Call 410-222-0022.",,,None or unknown,,Maryland Cooling Centers,,None or unknown,
,57248990,,,"Declares a Code Red. Code Red has been issued for Tues, Aug 28th - Wed, Aug 29th.<br /><br /><strong>Cooling Centers</strong><br />Senior Centers<br />Open Mon-Fri, 9AM-7PM†<ul> <li>Hatton Senior Center, 2825 Fait Avenue</li> <li>John Booth, 2601 East Baltimore Street</li> <li>Oliver Senior Center, 1700 North Gay Street</li> <li>Sandtown Winchester Senior Center, 1601 Baker Street</li> <li>Waxter Center for Senior Citizens, 1000 Cathedral Street</li> <li>Zeta Senior Center, 4501 Reisterstown Road</li></ul>May be opened as secondary cooling centers. Open Mon-Fri, 9AM-7PM<ul> <li>Forest Park Senior Center, 4801 Liberty Heights Avenue, 21207</li> <li>Harford Senior Center, 4920 Harford Road, 21214 (open 10AM-2PM)</li> <li>Greenmount Senior Center, 425 East Federal Street, 21202</li> <li>Edward A. Myerberg Senior Center, 3101 Fallstaff Road, 21209</li> <li>Senior Network of North Baltimore, 5828 York Road, 21212</li></ul>Community Action Partnerships<br />Open Mon-Fri, 8:30AM-4PM and Sat-Sun, 11AM-7PM<br />Northern Community Action Partnership Center, 5225 York Road, 21212†††††††<br />Northwest Community Action Partnership Center, 3939 Reisterstown Road, 21215<br />Southern Community Action Partnership Center, 606 Cherry Hill Road, 21225 -inside the shopping center on the 2nd floor and closes at 3PM on Sun<br />Southeast Community Action Partnership Center, 3411 Bank Street, 21224<br />Eastern Community Action Partnership Center, 1731 East Chase Street, 21213<br /><br /><strong>Department of Recreation and Parks</strong><br />May be opened as secondary cooling centers. Open 8AM-8PM, with the exception of Locust Point, 10AM-6PM.<ul> <li>Chick Webb, 623 Eden Street, 21205†</li> <li>Ella Bailey, 100 East Heath Street, 21230†</li> <li>Herring Run, 5001 Sinclair Lane, 21206</li> <li>Locust Point, 1627 East Fort Avenue, 21230</li> <li>Mary Rodman, 3600 West Mulberry Street, 21229†</li> <li>Mt. Royal, 120 West Mosher Street,† 21217†</li> <li>Robert C. Marshall, 1201 Pennsylvania Avenue, 21217†</li> <li>Roosevelt, 1221 West 36th Street, 21211†</li> <li>Samuel F.B. Morse, 424 South Pulaski Street, 21223</li></ul><strong>Transportation</strong><br />Emergency transportation to and from cooling centers will be available for seniors through the CARE Taxi Card program.† Pre-enrollment is typically required for this program, but is waived during the Code Red season.† The CARE Taxi Card Program contact is MJM†Management, 1501 Sulgrave Avenue,†Suite 200. Call Mon-Fri, 8AM-5PM, 410-664-0700. The after hours number is 410-980-3350.† See <a href=http://www.caretaxicard.com/>http://www.caretaxicard.com/</a>.††<br />†",,,None or unknown,,Maryland Cooling Centers,,None or unknown,